,doi,title,authors,published,url,journal,has_fulltext,is_oa,downloaded,downloadable,path,paper_download_status,data_links_keywords,data_availability_statements,code_availability_statements,format,repository,repository_url,download_status,download_date,download_path,data_size,license,data_dir,number_of_files,formats
0,https://doi.org/10.1016/j.physrep.2021.10.005,Social physics,"Marko Jusup, Petter Holme, Kiyoshi Kanazawa, Misako Takayasu, Ivan Romić, Zhen Wang, Sunčana Geček, Tomislav Lipić, Boris Podobnik, Lin Wang, Wei Luo, Tin Klanjšček, Jingfang Fan, Stefano Boccaletti, Matjaž Perc",2022-01-11,,Physics Reports,True,True,False,False,,not_downloaded,[],[],[],[],[],[],no_links,,[],[],unknown,,0,[]
1,https://doi.org/10.3354/meps10547,Using short-term measures of behaviour to estimate long-term fitness of southern elephant seals,"LF New, JS Clark, Daniel P. Costa, Erica Fleishman, Mark A. Hindell, Tin Klanjšček, David Lusseau, Scott D. Kraus, Clive R. McMahon, PW Robinson, RS Schick, LK Schwarz, Samantha E. Simmons, Len Thomas, Peter L. Tyack, John Harwood",2013-09-02,https://www.int-res.com/articles/meps2013/496/m496p099.pdf,Marine Ecology Progress Series,True,True,True,True,/home/domagoj/ecoopentest/LF_New_et_al_2013_Using_short_term_measures_of_behaviour_to_estimate_long_term_fitness_of_southern_e.pdf,downloaded,[],[],[],[],[],[],no_links,,[],[],unknown,,0,[]
2,https://doi.org/10.1038/ncomms1183,Predicting climate change impacts on polar bear litter size,"Péter K. Molnár, Andrew E. Derocher, Tin Klanjšček, Mark A. Lewis",2011-02-08,https://www.nature.com/articles/ncomms1183.pdf,Nature Communications,True,True,True,True,/home/domagoj/ecoopentest/Péter_K__Molnár_et_al_2011_Predicting_climate_change_impacts_on_polar_bear_litter_size.pdf,downloaded,[],[],[],[],[],[],no_links,,[],[],unknown,,0,[]
3,https://doi.org/10.1371/journal.pone.0021903,A Full Lifecycle Bioenergetic Model for Bluefin Tuna,"Marko Jusup, Tin Klanjšček, Hiroyuki Matsuda, S.A.L.M. Kooijman",2011-07-11,https://journals.plos.org/plosone/article/file?id=10.1371/journal.pone.0021903&type=printable,PLoS ONE,False,True,True,True,/home/domagoj/ecoopentest/Marko_Jusup_et_al_2011_A_Full_Lifecycle_Bioenergetic_Model_for_Bluefin_Tuna.pdf,downloaded,[],[],"['We use a numerical implementa- Since various tissues of PBT exhibit various temperatures at the\ntion of this method, available freely in the DEBtool software same time, we use peritoneal cavity as a proxy for body\npackage [40].', 'Therefore, the ratio of DEBtoolsoftware package[40].']",[],[],[],no_links,,[],[],unknown,,0,[]
4,https://doi.org/10.1016/j.aquaculture.2010.01.009,"Compensatory growth in gilthead sea bream (Sparus aurata) compensates weight, but not length","Lav Bavčević, Tin Klanjšček, Vatroslav Karamarko, Ivica Aničić, Tarzan Legović",2010-01-19,,Aquaculture,True,False,True,True,/home/domagoj/ecoopentest/Lav_Bavčević_et_al_2010_Compensatory_growth_in_gilthead_sea_bream__Sparus_aurata__compensates_weight.pdf,downloaded,[],[],[],[],[],[],no_links,,[],[],unknown,,0,[]
5,https://doi.org/10.1371/journal.pone.0074456,Environmental Feedbacks and Engineered Nanoparticles: Mitigation of Silver Nanoparticle Toxicity to Chlamydomonas reinhardtii by Algal-Produced Organic Compounds,"Louise Stevenson, Helen Dickson, Tin Klanjšček, Arturo A. Keller, Edward McCauley, Roger M. Nisbet",2013-09-23,https://journals.plos.org/plosone/article/file?id=10.1371/journal.pone.0074456&type=printable,PLoS ONE,True,True,True,True,/home/domagoj/ecoopentest/Louise_Stevenson_et_al_2013_Environmental_Feedbacks_and_Engineered_Nanoparticles__Mitigation_of_Silv.pdf,downloaded,[],[],['Dynamic Model\nThe model simulations and the parameter estimation were\nperformed usingproprietary code writtenin MATLAB.'],[],[],[],no_links,,[],[],unknown,,0,[]
6,https://doi.org/10.1016/j.ecolmodel.2024.110869,"From formulae, via models to theories: Dynamic Energy Budget theory illustrates requirements","S.A.L.M. Kooijman, Michael Kearney, Nina Marn, Tânia Sousa, Tiago Domingos, Romain Lavaud, Charlotte Récapet, Tin Klanjšček, Tan Tjui Yeuw, Gonçalo M. Marques, Laure Pecquerie, Konstadia Lika",2024-09-09,,Ecological Modelling,False,True,False,False,,not_downloaded,[],[],[],[],[],[],no_links,,[],[],unknown,,0,[]
7,https://doi.org/10.1016/j.ecolmodel.2017.07.001,"Environmental effects on growth, reproduction, and life-history traits of loggerhead turtles","Nina Marn, Marko Jusup, Tarzan Legović, S.A.L.M. Kooijman, Tin Klanjšček",2017-07-19,,Ecological Modelling,True,True,True,False,/home/domagoj/ecoopentest/Nina_Marn_et_al_2017_Environmental_effects_on_growth__reproduction__and_life_history_traits_of_logge.pdf,downloaded,[],[],[],[],[],[],no_links,,[],[],unknown,,0,[]
8,https://doi.org/10.1111/faf.12744,Fish condition as an indicator of stock status: Insights from condition index in a food‐limiting environment,"Ines Haberle, Lav Bavčević, Tin Klanjšček",2023-03-16,,Fish and Fisheries,True,True,False,False,,not_downloaded,[],[],[],[],[],[],no_links,,[],[],unknown,,0,[]
9,https://doi.org/10.1371/journal.pone.0026955,Modeling Physiological Processes That Relate Toxicant Exposure and Bacterial Population Dynamics,"Tin Klanjšček, Roger M. Nisbet, John H. Priester, Patricia A. Holden",2012-02-06,https://journals.plos.org/plosone/article/file?id=10.1371/journal.pone.0026955&type=printable,PLoS ONE,True,True,True,True,/home/domagoj/ecoopentest/Tin_Klanjšček_et_al_2012_Modeling_Physiological_Processes_That_Relate_Toxicant_Exposure_and_Bacteria.pdf,downloaded,[],[],"['Newtonmethod).Wesimulatedthemodelusingproprietarycode\nwritten in MATLAB, and calculated the square of the difference\nRelating observables to state variables betweenobservedandsimulatedcellconcentrationforagivenset\nRelatingstatevariablestodataisacrucialstepinanymodeling of parameters.', 'TyneckaZ,GosZ,ZajacJ(1981)Energy-dependenteffluxofcadmiumcoded adaptation to changing availability of substrates.']",[],[],[],no_links,,[],[],unknown,,0,[]
10,https://doi.org/10.1007/s10646-012-1028-7,Dynamic energy budget approach to modeling mechanisms of CdSe quantum dot toxicity,"Tin Klanjšček, Roger M. Nisbet, John H. Priester, Patricia A. Holden",2013-01-04,,Ecotoxicology,True,False,True,True,/home/domagoj/ecoopentest/Tin_Klanjšček_et_al_2013_Dynamic_energy_budget_approach_to_modeling_mechanisms_of_CdSe_quantum_dot_t.pdf,downloaded,[],[],"['panel).Dissolutiondrivensimulationsstilloverestimatethe\nThe models were fitted to data using MATLAB’s nlin- effects of the lowest exposure (10 mg/L), but grossly\nfit.mleastsquaresfittingroutine.Themodelwassimulated underestimate effects of all the other exposures, proving\nusingproprietarycodewritteninMATLAB, andsquareof thisscenarioincapableofcapturingevenrudimentarytoxic\nthe difference between observed and simulated cell con- effects (Fig.']",[],[],[],no_links,,[],[],unknown,,0,[]
11,https://doi.org/10.1016/j.seares.2014.09.002,"Simple measurements reveal the feeding history, the onset of reproduction, and energy conversion efficiencies in captive bluefin tuna","Marko Jusup, Tin Klanjšček, Hiroyuki Matsuda",2014-09-28,,Journal of Sea Research,True,False,True,True,/home/domagoj/ecoopentest/Marko_Jusup_et_al_2014_Simple_measurements_reveal_the_feeding_history__the_onset_of_reproduction__an.pdf,downloaded,[],[],[],[],[],[],no_links,,[],[],unknown,,0,[]
12,https://doi.org/10.1016/j.marenvres.2017.01.003,Inferring physiological energetics of loggerhead turtle (Caretta caretta) from existing data using a general metabolic theory,"Nina Marn, S.A.L.M. Kooijman, Marko Jusup, Tarzan Legović, Tin Klanjšček",2017-02-04,https://www.sciencedirect.com/science/article/am/pii/S0141113617300387,Marine Environmental Research,True,True,True,True,/home/domagoj/ecoopentest/Nina_Marn_et_al_2017_Inferring_physiological_energetics_of_loggerhead_turtle__Caretta_caretta__from_.pdf,downloaded,[],[],[],[],[],[],no_links,,[],[],unknown,,0,[]
13,https://doi.org/10.1016/j.seares.2018.06.010,Comparative physiological energetics of Mediterranean and North Atlantic loggerhead turtles,"Nina Marn, Marko Jusup, Sidonie Catteau, S.A.L.M. Kooijman, Tin Klanjšček",2018-06-22,,Journal of Sea Research,True,True,True,False,/home/domagoj/ecoopentest/Nina_Marn_et_al_2018_Comparative_physiological_energetics_of_Mediterranean_and_North_Atlantic_logger.pdf,downloaded,[],"['In addition, we compared RE\n2.2. Thephysiologicalapproach–amechanisticdynamicenergybudget valuesobtainedby‘pars ’toREvaluesobtainedby‘pars ’usingthe\nNA MED\n(DEB)model Wilcoxonsignedranktest(signrankinMatlab)andsigntest,which\nhave been recommended for comparisons of two classifiers over mul-\nLife-history traits of loggerhead turtles are described well by the tipledatasets(Demšar,2006).Weapproximateduncertaintyofpara-\nstandardDEBmodel(Marn etal.,2017b).Accordingly, wecharacter- meter values by combining the information on data availability\nized an individual MED turtle with three state variables: structural (COMPLETElevel,Likaetal.2011a)anddataagreement(MRE,SMSE),\nlength(L),reserveenergy(E),andmaturitylevel(E ).Changesinthese followingtheapproachpresentedinPaulyandZeller(2016).']","['characteristicscausethetwopopulationstodiffer.Putalternatively,we\nWe converted the state variable of the standard DEB model into wouldbetterunderstandhowevolutionadaptedMEDloggerheadtur-\nmeasurable quantities (e.g., body length and mass) by means of con- tlestolifeintheMediterraneanSea.Wewroteandexecutedallcodein\nversion parameters.', 'Piovano,S.,Clusa,M.,Carreras,C.,Giacoma,C.,Pascual,M.,Cardona,L.,2011.Different\nKooijman,S.A.L.M.,Marques,G.,Augustine,S.,Pecquerie,L.,Lika,D.,2018.DEBtool growthratesbetweenloggerheadseaturtles(Carettacaretta)ofMediterraneanand\n[softwarepackage].']",[],[],[],no_links,,[],[],unknown,,0,[]
14,https://doi.org/10.1534/genetics.116.196154,Elevated Rate of Genome Rearrangements in Radiation-Resistant Bacteria,"Jelena Repar, Fran Supek, Tin Klanjšček, Tobias Warnecke, Ksenija Zahradka, Davor Zahradka",2017-02-11,https://www.genetics.org/content/genetics/205/4/1677.full.pdf,Genetics,True,True,True,True,/home/domagoj/ecoopentest/Jelena_Repar_et_al_2017_Elevated_Rate_of_Genome_Rearrangements_in_Radiation_Resistant_Bacteria.pdf,downloaded,[],[],"['These lengths roughly correspond to\ntion implemented in the MATLAB routine “nmregr” of the the minimal length of homology necessary for DSB repair\nDEB tool software (as described in Kooijman 2016).', 'Custom code used for the analyses can be\nlined,exhibitingfeaturesthatenablefastreproductionofcells foundathttps://github.com/jrepar/Rearrangements.', 'Friedmann, 2000 Ionizing-radiation resistance inthedesicca- Kooijman,S.A.L.M.,2016 DEBtoolSoftware.Availableat:www.', '2004 Versatile and open software for comparing large ge-\nOberto, 2015 Comparative genomics reveals conserved posi- nomes.GenomeBiol.5:R12.']",[],[],[],no_links,,[],[],unknown,,0,[]
15,https://doi.org/10.1371/journal.pone.0197932,Predicting perceived level of disturbance of visitors due to crowding in protected areas,"Jasminka Klanjšček, Sunčana Geček, Nina Marn, Tarzan Legović, Tin Klanjšček",2018-06-13,https://storage.googleapis.com/plos-corpus-prod/10.1371/journal.pone.0197932/1/pone.0197932.pdf?X-Goog-Algorithm=GOOG4-RSA-SHA256&X-Goog-Credential=wombat-sa%40plos-prod.iam.gserviceaccount.com%2F20210218%2Fauto%2Fstorage%2Fgoog4_request&X-Goog-Date=20210218T134424Z&X-Goog-Expires=3600&X-Goog-SignedHeaders=host&X-Goog-Signature=717c87a65fba508d96f8c57e2e19feadbb3d89135126873e9763c2b2f0208ca88af9ee31e8cb67f5cd6380cc1f480ba4dee2ce5e0a718fc60d8d52722143dc9ddd282016bc82120e0479b70d30ae8844702e3e70f088e2228b056c1fd57f5c6d2c968260ebf287406d9a370445cc67a50528bf53a1df186401ff794a32af3ba40adc2c18be0ac9498212904b6e928505567152e74e3bf6e433fcbc122e88bf1f2b169ac42a6173c4aa39774544ecff835c8ac2c44bd46d6f3a669c460396c146e065a8f6c751e009cabcf56795d26b2ea04d4582a70635ca48e87ab301b90e5d6c4d09738844259ff415a0a2b786b3aad409893dd8280966318353f87f763094,PLoS ONE,True,True,True,False,/home/domagoj/ecoopentest/Jasminka_Klanjšček_et_al_2018_Predicting_perceived_level_of_disturbance_of_visitors_due_to_crowding_.pdf,downloaded,[],[],"['Dataprocessingofobservedvisitornumberincludedthreemainsteps.First,thetextfile\nwasprocessedtointerpretthebuttoncode(e.g.interpret‘1.1’and‘2.1’asrespectively‘entry’\nPLOSONE|https://doi.org/10.1371/journal.pone.0197932 June13,2018 3/16Predictingperceivedlevelofdisturbanceofvisitorsduetocrowdinginprotectedareas\nFig1.Thelocality:SaltLakeMir.Panel(a):detailsofthelocalityandexperimentalsetup.Boatsindicatelocationofthe\nexcursionshipdocks;blackdotsrepresentthemainentrancetotheLakeMirlocalityandthefootpatharoundtheLake\nMir;graydotsrepresentsmallside-wayentrances;letteredsquaresrepresentthesurveylocations;theareabetweenthe\nsurveylocationsisthebeach.Panel(b):PPTelaˇsćicaintheEuropeanandCroatiancontext.Panel(c):DugiOtokisland\nregion.SolidlinerepresentsthePAboundary,anddottedlinetheareashowninpanel(a).', 'Theordinallogisticregressionisbuiltupontheassumptionthattheeffectofthepredictor\nvariable(X)isthesameforalllogitfunctions.Hence,appropriatenessoftheuseoflogistic\nordinaryregressionwasverifiedbytestingtheassumptiononproportionalodds(parallel\nlogits)underlyingtheregression.Likelihood-ratiotestwasusedtotestagainstthenull\nhypothesisthatthereisnodifferencebetweenmodelwiththesinglescalingparameter(β),\ncomparedtothemodelwithdifferentparametersacrosslogits(β,j=1,...,J−1).Inaddi-\nj\ntion,thefullmodelwastestedagainsttheglobalnullhypothesis(β=0).Allcalculationswere\nperformedusingOrdinalpackage[25]inRSoftware.', 'Software:JasminkaKlanjˇsček,SunčanaGeček.']",[],[],[],no_links,,[],[],unknown,,0,[]
16,https://doi.org/10.3390/jmse10030303,Skin Culturable Microbiota in Farmed European Seabass (Dicentrarchuslabrax) in Two Aquacultures with and without Antibiotic Use,"Ana Ramljak, Irena Vardić Smrzlić, Damir Kapetanović, Fran Barac, Anamarija Kolda, Lorena Perić, Ivana Balenović, Tin Klanjšček, Ana Gavrilović",2022-02-22,https://www.mdpi.com/2077-1312/10/3/303/pdf?version=1647495187,Journal of Marine Science and Engineering,False,True,True,True,/home/domagoj/ecoopentest/Ana_Ramljak_et_al_2022_Skin_Culturable_Microbiota_in_Farmed_European_Seabass__Dicentrarchuslabrax__i.pdf,downloaded,[],[],"['PhylogeneticanalysisofstudiedVibriospeciesthatwasinferredfrompartial16SrRNA\ngene sequences using MEGA11 software—the clades are indicated by brackets.', 'genesequencesusingMEGA11software—thecladesareindicatedbybrackets.J.Mar.Sci.Eng.2022,10,303 12of18\n3.5. AntimicrobialResistanceofBacterialIsolates\nThediscdiffusiontestforsusceptibilityto13antibioticswasperformedusingthetotal\nof145bacterialisolatesfromthetwofishfarms.']",[],[],[],no_links,,[],[],unknown,,0,[]
17,https://doi.org/10.3390/microorganisms10091765,Investigating the Ability of Growth Models to Predict In Situ Vibrio spp. Abundances,"Marija Purgar, Damir Kapetanović, Sunčana Geček, Nina Marn, Ines Haberle, Branimir K. Hackenberger, Ana Gavrilović, Jadranka Pečar-Ilić, Domagoj K. Hackenberger, Tamara Djerdj, Bruno Ćaleta, Tin Klanjšček",2022-08-31,https://www.mdpi.com/2076-2607/10/9/1765/pdf?version=1662610427,Microorganisms,True,True,True,True,/home/domagoj/ecoopentest/Marija_Purgar_et_al_2022_Investigating_the_Ability_of_Growth_Models_to_Predict_In_Situ_Vibrio_spp__A.pdf,downloaded,"['https://cran.r-project.org/web/packages/SciViews/SciViews.pdf', 'https://cran.r-project.org/web/packages/xlsx/xlsx.pdf']",[],"['Finally, tertiary mathematical models are software packages that\ncombineprimaryand/orsecondarymodelsandoftenaddauserinterface[24].', 'Theanalyticalcodecan\nbefoundintheRscriptnameddata_preparation.', 'Theexactanalyticcode\ncanbefoundatZenodo[71].', 'Significancecodesareasfollows: p≤0‘****’,p<0.01‘**’,andp<0.5‘*’.', 'DataAvailabilityStatement: Thefivedatasetsfromliteraturesearchareavailableattheirrespective\nreferences,andthetwonewdatasetsaresubmittedtoPANGAEAopendatarepository(https://www.', 'pangaea.de/),pleasesearchforkeywordsAqADAPTand/orAQUAHEALTH.Thecodeusedto\nperformanalysisandtocreateplotsisdepositedatZenodo,https://doi.org/10.5281/zenodo.7013394\n(accessedon20August2022).', 'The\nfunctionforcalculatingwateractivityfromtheconcentrationofNaCl(%)isavailableinR\nscript“water_activity.R”.Analyticalcodeformodelsimulationscanbefoundinthefollow-\ningscripts: “AqADAPT.R”,“AQUAHEALTH.R”,“Bullington2022.R”,“Froelich2019.R”,\n“Steward2022.R”,“Urquhart2016.R”,and“Williams2017.R”.', 'Parametersusedinsecondarymodelsareavailableintheprovidedcode.', 'CodesforPurgaretal.2022:InvestigatingtheabilityofgrowthmodelstopredictinsituVibriospp.abundances.']","['pdf', 'pdf']","['unknown', 'unknown']","['https://cran.r-project.org/web/packages/SciViews/SciViews.pdf', 'https://cran.r-project.org/web/packages/xlsx/xlsx.pdf']",success,2025-03-10 18:08:43,"['/home/domagoj/ecoopentest_data/Investigating_the_A/cran_r-project_org/data_file.bin', '/home/domagoj/ecoopentest_data/Investigating_the_A/cran_r-project_org/data_file.bin']",[0.18],unknown,/home/domagoj/ecoopentest_data/Investigating_the_A,1,['bin']
18,https://doi.org/10.1016/j.jtbi.2016.05.034,Feedbacks and tipping points in organismal response to oxidative stress,"Tin Klanjšček, E. Müller, Roger M. Nisbet",2016-05-28,https://www.sciencedirect.com/science/article/am/pii/S0022519316301242,Journal of Theoretical Biology,True,True,True,True,/home/domagoj/ecoopentest/Tin_Klanjšček_et_al_2016_Feedbacks_and_tipping_points_in_organismal_response_to_oxidative_stress.pdf,downloaded,[],[],[],[],[],[],no_links,,[],[],unknown,,0,[]
19,https://doi.org/10.1016/j.ecolmodel.2020.109207,Dynamic energy budget of endemic and critically endangered bivalve Pinna nobilis: A mechanistic model for informed conservation,"Ines Haberle, Nina Marn, Sunčana Geček, Tin Klanjšček",2020-08-24,,Ecological Modelling,True,True,True,False,/home/domagoj/ecoopentest/Ines_Haberle_et_al_2020_Dynamic_energy_budget_of_endemic_and_critically_endangered_bivalve_Pinna_nob.pdf,downloaded,[],[],"['Ecological Modelling 434 (2020) 109207\nContents lists available at ScienceDirect\nEcological Modelling\njournal homepage: www.elsevier.com/locate/ecolmodel\nDynamic energy budget of endemic and critically endangered bivalve Pinna\nT\nnobilis: A mechanistic model for informed conservation\nInes Haberlea, Nina Marna,b, Sunčana Gečeka, Tin Klanjšček⁎,a\na Ruđer Bošković Institute, Bijenička cesta 54, Zagreb HR-10002, Croatia\nb School of Biological Sciences, The University of Western Australia, 35 Stirling Highway, Crawley, WA 6009, Australia\nARTICLE INFO ABSTRACT\nKeywords: The noble pen shell Pinna nobilis L.', 'The site-specific ultimate size used to estimate\nWe used DEBtool package (https://add-my-pet.github.io/DEBtool_\nf, 69 cm, was taken from Davenport et al.', 'Sunčana Geček: Methodology, Software, Formal Croatian Science Foundation through Young Researchers’ Career\nanalysis, Writing - review & editing.']",[],[],[],no_links,,[],[],unknown,,0,[]
20,https://doi.org/10.1093/conphys/coac031,Physiological performance of native and invasive crayfish species in a changing environment: insights from Dynamic Energy Budget models,"Nina Marn, Sandra Hudina, Ines Haberle, Ana Dobrović, Tin Klanjšček",2022-01-01,,Conservation Physiology,False,True,True,True,/home/domagoj/ecoopentest/Nina_Marn_et_al_2022_Physiological_performance_of_native_and_invasive_crayfish_species_in_a_changing.pdf,downloaded,[],[],"['appliedfor(T>T )\nH 1+exp TAH−TAH ref\nTH T\nacodedasfunctiontempcorr.minsoftwarepackageDEBtool_M(DEBtool,2021)\nspeciesoptimumtemperaturenicheand5-parametercorrec- whereXisanabundanceoffoodofcertainqualityandK is\nX\ntionc(5) whenratesarecorrectedtoatemperature-inducing thehalf-saturation(cid:8)cons(cid:9)tantdefinedbythemetabolismofthe\norganT ismal stress.Values for the optimal temperature niche individual:K X = p˙ Am /(κ X·F˙ m)(forparameterdescription\nwere taken from the literature: 11–17◦ C for A.', 'Parameters were estimated separately for each species\nrangingfromzero(nofood)to1(abundantfood),i.e.itisa using MATLAB, by running the freely available software\nsaturatingfunctionoffoodabundance package AmPtool (AmPtool, 2021) and routines in its sup-\nporting package DEBtool_M (DEBtool, 2021).', 'The variability\nDataAvailabilityStatement\ncan be reproduced to an extent when sufficient information\nonmaindriversofinter-individualvariabilityisavailable.The The data and code underlying this article are available in\ndriverscaneitherbeexternal,suchasfoodortemperature— the Add-my-Pet library (AmP, 2021) at https://bio.vu.nl/thb/\nasexploredhere—orphysiological,e.g.differentmaintenance\ndeb/deblab/add_my_pet/entries_webandcanbeaccesseddirectly\ncosts, assimilation efficiency, reproduction investment, etc.', 'tionsofAstacusastacusandPacifastacusleniusculusinanisolated\nDEBtool(2021)SoftwarepackageDEBtool_M.https://github.com/add-\npond.Oikos22:373–380.', 'AmPtool (2021) Software package AmPtool.', 'https://github.com/add-\nDragicˇevic´,P.,Faller,M.,Kutlesˇa,P.,andHudina,S.(2020)Updateonthe\nmy-pet/AmPtool.']",[],[],[],no_links,,[],[],unknown,,0,[]
21,https://doi.org/10.1016/j.seares.2011.04.004,Entrainment of cell division in phytoplankton with dynamic energy budgets,"E. Müller, Bharath Ananthasubramaniam, Tin Klanjšček, Roger M. Nisbet",2011-04-22,,Journal of Sea Research,True,False,True,True,/home/domagoj/ecoopentest/E__Müller_et_al_2011_Entrainment_of_cell_division_in_phytoplankton_with_dynamic_energy_budgets.pdf,downloaded,[],[],[],[],[],[],no_links,,[],[],unknown,,0,[]
22,https://doi.org/10.1021/acs.est.6b06618,Host–Symbiont Interaction Model Explains Non-monotonic Response of Soybean Growth and Seed Production to Nano-CeO<sub>2</sub> Exposure,"Tin Klanjšček, E. Müller, Patricia A. Holden, Roger M. Nisbet",2017-03-25,,Environmental Science & Technology,True,False,True,True,/home/domagoj/ecoopentest/Tin_Klanjšček_et_al_2017_Host_Symbiont_Interaction_Model_Explains_Non_monotonic_Response_of_Soybean_.pdf,downloaded,[],[],[],[],[],[],no_links,,[],[],unknown,,0,[]
23,https://doi.org/10.1016/j.jtbi.2010.02.017,Effects of life history variation on vertical transfer of toxicants in marine mammals,"Erik G. Noonburg, Roger M. Nisbet, Tin Klanjšček",2010-02-19,,Journal of Theoretical Biology,True,False,True,True,/home/domagoj/ecoopentest/Erik_G__Noonburg_et_al_2010_Effects_of_life_history_variation_on_vertical_transfer_of_toxicants_in_m.pdf,downloaded,[],[],[],[],[],[],no_links,,[],[],unknown,,0,[]
24,https://doi.org/10.3897/neobiota.77.87474,﻿Recurring infection by crayfish plague pathogen only marginally affects survival and growth of marbled crayfish,"Ana Dobrović, Sunčana Geček, Tin Klanjšček, Ines Haberle, Paula Dragičević, Dora Pavić, Ana Petelinec, Ljudevit Luka Boštjančić, Lena Bonassin, Kathrin Theißinger, Sandra Hudina",2022-11-02,https://neobiota.pensoft.net/article/87474/download/pdf/,NeoBiota,False,True,True,True,/home/domagoj/ecoopentest/Ana_Dobrović_et_al_2022__Recurring_infection_by_crayfish_plague_pathogen_only_marginally_affects_sur.pdf,downloaded,[],['Data availability\nData are permanently deposited in an open repository (Dryad: https://doi.org/10.5061/\ndryad.3xsj3txkp).'],"['Data availability\nData are permanently deposited in an open repository (Dryad: https://doi.org/10.5061/\ndryad.3xsj3txkp).', 'Journal of\nStatistical Software 25(1): 1–18.', 'R package ver-\nsion 0.9.1, https://github.com/droglenc/FSA\nPeugh JL (2010) A practical guide to multilevel modeling.']",[],[],[],no_links,,[],[],unknown,,0,[]
